{"cameraMode":{"drawMode":0,"name":"Shaded","section":"Shading Mode"},"sceneLighting":false,"audioPlay":false,"sceneViewState":{"m_AlwaysRefresh":false,"showFog":true,"showSkybox":false,"showFlares":true,"showImageEffects":true,"showParticleSystems":true,"showVisualEffectGraphs":true,"m_FxEnabled":true},"in2DMode":false,"pivot":{"x":0.31650352478027346,"y":-1.166182518005371,"z":-3.975362777709961},"rotation":{"x":0.30150818824768069,"y":0.37374231219291689,"z":-0.1298970729112625,"w":0.8674961924552918},"size":11.581400871276856,"orthographic":false}